age group,rating_standard
Less than 20,1380.213926
20 to 30,1669.164532
30 to 40,1819.323467
40 to 50,1803.866846
50 to 60,1824.483833
60 to 70,1799.5702
70 or more,1749.450945
