age group,rating_standard
Less than 20,1372.557734
20 to 30,1662.402924
30 to 40,1807.173324
40 to 50,1789.575543
50 to 60,1811.122229
60 to 70,1783.577378
70 or more,1734.328805
